scene_number,path,rotationSpeed,stop_angle,pause_time,volume_start,volume_poured,volume_received,spilled_volume
1,../../output/CellFlask/Flask_35_200_2,0.030000,2.000000,0.200000,34.040000,0.035000,0.002500,0.032500
2,../../output/CellFlask/Flask_35_200_4,0.030000,4.000000,0.200000,34.040000,0.052500,0.005000,0.047500
3,../../output/CellFlask/Flask_35_200_6,0.030000,6.000000,0.200000,34.040000,0.055000,0.005000,0.050000
4,../../output/CellFlask/Flask_35_200_8,0.030000,8.000000,0.200000,34.040000,0.055000,0.005000,0.050000
5,../../output/CellFlask/Flask_35_200_10,0.030000,10.000000,0.200000,34.040000,0.325000,0.267500,0.057500
6,../../output/CellFlask/Flask_35_200_12,0.030000,12.000000,0.200000,34.040000,1.427500,1.367500,0.060000
